Type of work sought and search method3,Jan-76,Feb-76,Mar-76,Apr-76,May-76,Jun-76,Jul-76,Aug-76,Sep-76,Oct-76,Nov-76,Dec-76,Jan-77,Feb-77,Mar-77,Apr-77,May-77,Jun-77,Jul-77,Aug-77,Sep-77,Oct-77,Nov-77,Dec-77,Jan-78,Feb-78,Mar-78,Apr-78,May-78,Jun-78,Jul-78,Aug-78,Sep-78,Oct-78,Nov-78,Dec-78,Jan-79,Feb-79,Mar-79,Apr-79,May-79,Jun-79,Jul-79,Aug-79,Sep-79,Oct-79,Nov-79,Dec-79,Jan-80,Feb-80,Mar-80,Apr-80,May-80,Jun-80,Jul-80,Aug-80,Sep-80,Oct-80,Nov-80,Dec-80,Jan-81,Feb-81,Mar-81,Apr-81,May-81,Jun-81,Jul-81,Aug-81,Sep-81,Oct-81,Nov-81,Dec-81,Jan-82,Feb-82,Mar-82,Apr-82,May-82,Jun-82,Jul-82,Aug-82,Sep-82,Oct-82,Nov-82,Dec-82,Jan-83,Feb-83,Mar-83,Apr-83,May-83,Jun-83,Jul-83,Aug-83,Sep-83,Oct-83,Nov-83,Dec-83,Jan-84,Feb-84,Mar-84,Apr-84,May-84,Jun-84,Jul-84,Aug-84,Sep-84,Oct-84,Nov-84,Dec-84,Jan-85,Feb-85,Mar-85,Apr-85,May-85,Jun-85,Jul-85,Aug-85,Sep-85,Oct-85,Nov-85,Dec-85,Jan-86,Feb-86,Mar-86,Apr-86,May-86,Jun-86,Jul-86,Aug-86,Sep-86,Oct-86,Nov-86,Dec-86,Jan-87,Feb-87,Mar-87,Apr-87,May-87,Jun-87,Jul-87,Aug-87,Sep-87,Oct-87,Nov-87,Dec-87,Jan-88,Feb-88,Mar-88,Apr-88,May-88,Jun-88,Jul-88,Aug-88,Sep-88,Oct-88,Nov-88,Dec-88,Jan-89,Feb-89,Mar-89,Apr-89,May-89,Jun-89,Jul-89,Aug-89,Sep-89,Oct-89,Nov-89,Dec-89,Jan-90,Feb-90,Mar-90,Apr-90,May-90,Jun-90,Jul-90,Aug-90,Sep-90,Oct-90,Nov-90,Dec-90,Jan-91,Feb-91,Mar-91,Apr-91,May-91,Jun-91,Jul-91,Aug-91,Sep-91,Oct-91,Nov-91,Dec-91,Jan-92,Feb-92,Mar-92,Apr-92,May-92,Jun-92,Jul-92,Aug-92,Sep-92,Oct-92,Nov-92,Dec-92,Jan-93,Feb-93,Mar-93,Apr-93,May-93,Jun-93,Jul-93,Aug-93,Sep-93,Oct-93,Nov-93,Dec-93,Jan-94,Feb-94,Mar-94,Apr-94,May-94,Jun-94,Jul-94,Aug-94,Sep-94,Oct-94,Nov-94,Dec-94,Jan-95,Feb-95,Mar-95,Apr-95,May-95,Jun-95,Jul-95,Aug-95,Sep-95,Oct-95,Nov-95,Dec-95,Jan-96,Feb-96,Mar-96,Apr-96,May-96,Jun-96,Jul-96,Aug-96,Sep-96,Oct-96,Nov-96,Dec-96,Jan-97,Feb-97,Mar-97,Apr-97,May-97,Jun-97,Jul-97,Aug-97,Sep-97,Oct-97,Nov-97,Dec-97,Jan-98,Feb-98,Mar-98,Apr-98,May-98,Jun-98,Jul-98,Aug-98,Sep-98,Oct-98,Nov-98,Dec-98,Jan-99,Feb-99,Mar-99,Apr-99,May-99,Jun-99,Jul-99,Aug-99,Sep-99,Oct-99,Nov-99,Dec-99,Jan-00,Feb-00,Mar-00,Apr-00,May-00,Jun-00,Jul-00,Aug-00,Sep-00,Oct-00,Nov-00,Dec-00,Jan-01,Feb-01,Mar-01,Apr-01,May-01,Jun-01,Jul-01,Aug-01,Sep-01,Oct-01,Nov-01,Dec-01,Jan-02,Feb-02,Mar-02,Apr-02,May-02,Jun-02,Jul-02,Aug-02,Sep-02,Oct-02,Nov-02,Dec-02,Jan-03,Feb-03,Mar-03,Apr-03,May-03,Jun-03,Jul-03,Aug-03,Sep-03,Oct-03,Nov-03,Dec-03,Jan-04,Feb-04,Mar-04,Apr-04,May-04,Jun-04,Jul-04,Aug-04,Sep-04,Oct-04,Nov-04,Dec-04,Jan-05,Feb-05,Mar-05,Apr-05,May-05,Jun-05,Jul-05,Aug-05,Sep-05,Oct-05,Nov-05,Dec-05,Jan-06,Feb-06,Mar-06,Apr-06,May-06,Jun-06,Jul-06,Aug-06,Sep-06,Oct-06,Nov-06,Dec-06,Jan-07,Feb-07,Mar-07,Apr-07,May-07,Jun-07,Jul-07,Aug-07,Sep-07,Oct-07,Nov-07,Dec-07,Jan-08,Feb-08,Mar-08,Apr-08,May-08,Jun-08,Jul-08,Aug-08,Sep-08,Oct-08,Nov-08,Dec-08,Jan-09,Feb-09,Mar-09,Apr-09,May-09,Jun-09,Jul-09,Aug-09,Sep-09,Oct-09,Nov-09,Dec-09,Jan-10,Feb-10,Mar-10,Apr-10,May-10,Jun-10,Jul-10,Aug-10,Sep-10,Oct-10,Nov-10,Dec-10,Jan-11,Feb-11,Mar-11,Apr-11,May-11,Jun-11,Jul-11,Aug-11,Sep-11,Oct-11,Nov-11,Dec-11,Jan-12,Feb-12,Mar-12,Apr-12,May-12,Jun-12,Jul-12,Aug-12,Sep-12,Oct-12,Nov-12,Dec-12,Jan-13,Feb-13,Mar-13,Apr-13,May-13,Jun-13,Jul-13,Aug-13,Sep-13,Oct-13,Nov-13,Dec-13,Jan-14,Feb-14,Mar-14,Apr-14,May-14,Jun-14,Jul-14,Aug-14,Sep-14,Oct-14,Nov-14,Dec-14,Jan-15,Feb-15,Mar-15,Apr-15,May-15,Jun-15,Jul-15,Aug-15,Sep-15,Oct-15,Nov-15,Dec-15,Jan-16,Feb-16,Mar-16,Apr-16,May-16,Jun-16,Jul-16,Aug-16,Sep-16,Oct-16,Nov-16,Dec-16,Jan-17,Feb-17,Mar-17,Apr-17,May-17,Jun-17,Jul-17,Aug-17,Sep-17,Oct-17,Nov-17,Dec-17,Jan-18,Feb-18,Mar-18,Apr-18,May-18,Jun-18,Jul-18,Aug-18,Sep-18,Oct-18,Nov-18,Dec-18,Jan-19,Feb-19,Mar-19,Apr-19,May-19,Jun-19,Jul-19,Aug-19,Sep-19,Oct-19,Nov-19,Dec-19,Jan-20,Feb-20,Mar-20,Apr-20
,Persons,,,,,,,,,,,,,,,,,,,,,,,,,,,,,,,,,,,,,,,,,,,,,,,,,,,,,,,,,,,,,,,,,,,,,,,,,,,,,,,,,,,,,,,,,,,,,,,,,,,,,,,,,,,,,,,,,,,,,,,,,,,,,,,,,,,,,,,,,,,,,,,,,,,,,,,,,,,,,,,,,,,,,,,,,,,,,,,,,,,,,,,,,,,,,,,,,,,,,,,,,,,,,,,,,,,,,,,,,,,,,,,,,,,,,,,,,,,,,,,,,,,,,,,,,,,,,,,,,,,,,,,,,,,,,,,,,,,,,,,,,,,,,,,,,,,,,,,,,,,,,,,,,,,,,,,,,,,,,,,,,,,,,,,,,,,,,,,,,,,,,,,,,,,,,,,,,,,,,,,,,,,,,,,,,,,,,,,,,,,,,,,,,,,,,,,,,,,,,,,,,,,,,,,,,,,,,,,,,,,,,,,,,,,,,,,,,,,,,,,,,,,,,,,,,,,,,,,,,,,,,,,,,,,,,,,,,,,,,,,,,,,,,,,,,,,,,,,,,,,,,,,,,,,,,,,,,,,,,,,,,,,,,,,,,,,
Total unemployed,815.7,808.2,776.7,773.2,714.9,708.4,785.8,715.1,668.5,683,717.8,758.3,894.3,931.4,939,922,832.6,822,883.2,845.2,812.8,798.9,848.9,886.4,990.4,"1,007.80","1,056.20","1,012.80",949.8,913.2,941.3,907.7,857.8,809.6,867.5,897.1,"1,016.30","1,001.40","1,012.00",976.4,870.7,829.9,811,790.6,740.9,769.7,791.5,807.8,971.5,969.2,998.4,967.1,926.8,915.2,888.5,867.6,799.3,794.5,808.7,837,972.9,959,"1,017.20",919.6,883.9,880.9,864.5,824,921.4,932.8,962.9,"1,030.40","1,143.20","1,161.50","1,279.20","1,276.80","1,285.70","1,343.50","1,446.60","1,431.70","1,391.00","1,456.40","1,512.10","1,570.00","1,680.20","1,670.70","1,737.60","1,649.40","1,571.50","1,526.80","1,481.40","1,427.50","1,314.00","1,292.80","1,335.90","1,379.50","1,501.20","1,510.30","1,582.70","1,530.80","1,506.60","1,407.80","1,381.10","1,393.80","1,403.60","1,356.00","1,412.30","1,367.90","1,471.40","1,473.80","1,577.30","1,476.40","1,380.10","1,351.90","1,327.40","1,307.00","1,233.40","1,252.50","1,295.30","1,270.20","1,391.20","1,389.10","1,438.50","1,349.10","1,266.70","1,242.50","1,255.20","1,237.30","1,165.10","1,151.40","1,191.40","1,213.10","1,362.50","1,357.70","1,419.30","1,299.70","1,206.90","1,168.30","1,177.10","1,132.60","1,055.20","1,032.30","1,053.70","1,050.70","1,178.00","1,143.00","1,197.00","1,110.50","1,071.00","1,005.30","1,084.00","1,077.00",991.5,973.7,"1,009.80",993.5,"1,140.90","1,139.60","1,186.30","1,144.30","1,080.40","1,010.70","1,066.50","1,027.50",937.9,938.9,"1,019.90","1,036.90","1,207.50","1,173.60","1,152.60","1,112.10","1,112.20","1,041.50","1,128.90","1,155.20","1,094.50","1,159.10","1,260.70","1,301.00","1,496.90","1,558.20","1,660.30","1,525.70","1,482.00","1,460.20","1,528.00","1,499.50","1,332.70","1,353.90","1,427.30","1,422.90","1,584.50","1,599.80","1,733.70","1,587.90","1,582.50","1,590.60","1,662.00","1,653.10","1,493.40","1,483.00","1,670.80","1,621.40","1,693.70","1,663.20","1,779.10","1,725.60","1,692.70","1,649.40","1,741.40","1,655.40","1,491.70","1,480.10","1,550.00","1,584.90","1,738.20","1,693.30","1,674.60","1,646.00","1,568.50","1,468.00","1,533.90","1,515.80","1,333.40","1,324.70","1,338.00","1,345.30","1,509.40","1,478.40","1,545.00","1,439.00","1,412.10","1,364.50","1,499.30","1,429.60","1,220.00","1,244.60","1,274.10","1,310.10","1,498.40","1,492.20","1,507.80","1,413.50","1,390.10","1,420.80","1,497.60","1,424.40","1,344.30","1,374.30","1,410.20","1,367.00","1,512.20","1,510.40","1,473.40","1,455.40","1,435.30","1,357.30","1,407.70","1,368.60","1,222.10","1,248.00","1,282.60","1,195.90","1,420.50","1,370.00","1,348.50","1,303.30","1,293.50","1,251.50","1,330.40","1,265.50","1,151.30","1,133.10","1,175.80","1,170.70","1,301.10","1,288.20","1,285.80","1,324.00","1,270.30","1,145.70","1,247.90","1,222.60","1,064.00","1,027.00","1,021.40",982.7,"1,128.90","1,132.70","1,130.40","1,111.00","1,074.70","1,018.90","1,143.90","1,178.50","1,004.60","1,014.10","1,036.70","1,007.00","1,181.70","1,175.50","1,200.70","1,180.70","1,147.20","1,101.90","1,196.70","1,235.80","1,063.40","1,081.90","1,150.40","1,225.40","1,402.70","1,359.90","1,354.40","1,305.00","1,311.60","1,190.80","1,320.90","1,312.50","1,153.40","1,150.20","1,188.10","1,182.60","1,335.70","1,316.10","1,300.80","1,319.30","1,361.90","1,225.60","1,361.00","1,408.30","1,232.70","1,173.30","1,198.70","1,166.50","1,327.70","1,305.60","1,319.80","1,268.10","1,266.90","1,172.70","1,277.30","1,310.30","1,108.40","1,110.40","1,173.10","1,144.50","1,264.00","1,261.50","1,250.00","1,198.70","1,214.10","1,108.00","1,225.80","1,267.20","1,082.00","1,060.00","1,036.50","1,055.80","1,225.20","1,153.60","1,162.10","1,133.90","1,093.60","1,006.80","1,206.70","1,233.70","1,043.10",977.9,"1,040.90",996.9,"1,176.00","1,133.10","1,150.80","1,119.90","1,095.40","1,018.20","1,134.60","1,165.70",975.9,948.4,"1,014.10",994.8,"1,125.50","1,102.30","1,157.10","1,120.70","1,140.00","1,038.10","1,163.30","1,195.90","1,013.20","1,019.10","1,122.80","1,148.20","1,415.70","1,495.90","1,591.30","1,574.10","1,637.80","1,519.30","1,668.40","1,690.60","1,395.00","1,393.70","1,461.20","1,430.80","1,589.20","1,557.10","1,615.00","1,557.30","1,564.90","1,408.20","1,568.80","1,661.40","1,380.50","1,326.00","1,309.10","1,298.00","1,495.50","1,471.50","1,514.90","1,479.10","1,427.10","1,342.40","1,443.90","1,500.80","1,257.70","1,264.10","1,308.90","1,276.50","1,478.00","1,429.70","1,440.40","1,401.10","1,433.20","1,293.50","1,431.80","1,487.80","1,250.60","1,280.10","1,273.20","1,259.30","1,402.10","1,380.00","1,455.90","1,392.70","1,378.50","1,300.90","1,432.70","1,485.10","1,214.40","1,220.10","1,224.80","1,272.50","1,396.60","1,397.00","1,404.20","1,381.60","1,389.60","1,305.00","1,424.40","1,459.30","1,197.80","1,151.40","1,183.10","1,177.40","1,312.60","1,363.50","1,406.70","1,360.80","1,373.70","1,267.30","1,388.40","1,479.90","1,245.10","1,223.80","1,264.10","1,291.20","1,440.80","1,480.20","1,472.60","1,444.80","1,362.20","1,261.30","1,419.40","1,502.60","1,243.30","1,225.50","1,226.20","1,248.30","1,384.40","1,349.90","1,394.10","1,319.70","1,307.00","1,204.10","1,306.20","1,354.50","1,109.00","1,114.20","1,068.70","1,046.70","1,209.60","1,195.20","1,222.90","1,193.40","1,187.80","1,143.30","1,211.30","1,338.00","1,070.60","1,042.70","1,022.90","1,025.20","1,218.60","1,209.10","1,231.10","1,192.40","1,110.10","1,071.40","1,213.40","1,305.10","1,019.50","1,019.40","1,102.80","1,033.00","1,167.60","1,178.40","1,642.80","2,496.50"
Future job starter,17.9,13.8,24.1,39,41.9,35.4,36.4,61.9,25.8,18.1,16.2,22,18.8,23.9,28.2,43.5,38.7,39.1,30.1,54.3,31.6,21.1,16.2,17.4,24.5,19.3,31.3,41.7,47.8,54.5,33.7,54,27.1,17.4,16,17.6,19.6,18.5,30.8,49.1,45.9,44.5,27.9,49,25.8,21.4,13.9,15.8,15.6,16.8,20.6,42.9,47.1,40.1,29,55.5,25,17.9,15.4,17.4,19.8,20,28.5,49,53.1,50.2,29.4,49.9,25.2,18.5,13.5,16.7,21.5,20.6,32.2,38.8,48.4,38.9,30.5,56.1,21,16,17.8,11.6,20.8,20.9,30,38.6,47.6,43.1,24.3,54.9,25.9,14.2,16.5,14,17.5,18.6,24.9,44.4,50.3,43.6,30.7,58.5,22.5,13,14.9,9.6,18,19.7,31,43.9,42.1,46.6,35,55.7,20.8,14.6,14.3,13.4,18,16.3,30.9,37.7,34.8,40.9,31.4,52,20.7,15.2,15.1,12.1,17.7,17.5,24.4,42.5,41.8,36.8,28.5,65,18.6,13.4,18,16.4,21.5,18.2,27.7,37.6,41.5,33.1,34.6,66.7,22.8,14,14.2,15.3,19.3,27.7,28.6,50.4,43.7,34.3,27.6,69.5,19.2,13.5,17.8,21.9,16.3,21,28.5,43.8,42.7,38.8,31.6,67.2,25.7,13.6,10.4,11.1,17.2,15.9,28.4,32,39.1,33,23.9,51.2,21,13.2,10.1,15.8,15.5,17.2,20.2,33.8,38,26.8,24.1,50.4,21.8,14,11.8,16.7,21.3,20.1,22.3,38.3,42.2,35.9,22.5,64.8,21.1,18,14.3,17.6,21,20.1,32.4,54.4,43.3,36.2,30.7,85.6,30.1,21.1,20.6,19.5,28,24.2,45.7,54.8,52.5,42.3,30.9,82.1,26.2,21.6,16.8,14.8,18.4,21.4,35.1,53.4,45.8,42.4,30,72.4,24.3,27.8,19.8,21.2,24.9,27.7,36.3,68.8,62.2,50.8,36.5,83.8,22.1,26.7,28.7,21.7,35.1,30.2,41.7,76.4,66.3,52.5,31.9,87.4,30.3,24.3,24.9,20.8,30.8,27.1,56.5,76.5,61.2,54,35.8,99.2,32.6,28.8,25.5,19.4,33.1,26.6,46.5,78.6,60.3,47.8,43.7,117.5,34.4,32.2,37.2,28.9,37.3,41.9,51.3,86.5,61.9,54,48.9,122.7,34.2,34.1,31.7,38.1,32.5,38.5,54,82.1,82.6,60.5,44.5,114.6,27,31.5,30.8,32.6,32.9,36.4,51.3,96.3,79.7,60.9,40.5,124.1,44.5,26.4,33.5,26.2,39.8,41.9,64.1,92.3,78,62.4,36.8,145.4,37.1,33.3,35,28.1,36.1,39,62.3,85.6,65.7,62.5,30.9,144.2,36.4,33.9,32.4,22.9,37.4,33.2,62.4,93,66.8,52,40.2,167.9,40.7,41.5,32.1,27.4,39.9,38.6,54.6,100.7,66.1,65.4,42.9,136.5,49.6,30.4,28.7,17.9,35.2,35.8,58.5,93,69.7,53.1,41.9,160.3,41.4,29.2,26,34.6,40.7,44.8,62.2,85,73.6,65.5,40.2,163.3,33.3,28.4,27.2,36.7,39.2,38.4,63.5,90.2,74.1,62.6,32.4,174.2,46.8,32,31.3,26.8,42.3,36.5,69.2,97.4,73.6,44.6,37.5,145.8,32.9,28.1,27.1,22.4,48.2,45,74.7,81,62.6,49.4,47.6,176.8,45.9,27.2,38.5,31.8,42.1,30.4,67.6,93,69.1,58.2,33.6,169.9,36.7,29,29.7,35.5,36.1,43.3,48.7,81.3,67.2,50.7,27.3,145.1,29.7,33.3,28.9,30.9,30.2,39,60.3,79,62,66.1,36.1,152.6,29.4,26,29.3,28.8,39,46.6,62,77.3,52.4,45.8,36.6,173.6,38,24.2,23,28.1,34.7,36.1,60.6,90.7,53.5,51,31.7,144.1,38.3,33,24.2,24.9,31.2,28.4,63.9,89.5,69.4,65.4,35.5,165.8,39,32.7,31.8,17.9,32.4,32.2,70.7,96.5,61,45.2,42.5,186.4,34.8,32.5,33.6,28.1,44.5,29.6,46.7,81.3
On temporary layoff,96.9,101.6,80.6,76.1,51,40.6,70.8,63.8,46.8,61.4,61,80.3,113.7,98,87.8,82.7,45.3,47.9,66.5,61,42.1,46.7,63.9,68.9,104.5,95.5,87.7,77.4,52.4,47.8,64.3,57,32,42.7,39.4,60.9,85,68.7,65.3,67.5,57.2,40.4,57.2,58.8,35.2,41.6,48.9,64.9,114.3,114.4,90.5,82.5,68.8,49.6,75.5,74.8,49.3,44.2,47.7,73.9,109.5,80.5,68.9,70,46.5,49,75.9,73.4,69,69.2,77.5,121.9,158.4,123.6,114.4,129.3,102.1,90.2,111.7,113.8,112.2,111.6,123.2,141.1,145.2,125.1,111.5,94.3,68.3,68,88.8,88.5,52.7,55.6,58.8,78.1,96.6,79.6,90.8,71.4,54,45.1,60.7,69.3,52.2,46.3,61.4,66.6,98.2,76.6,68.8,59.7,42.3,44.1,56.8,57.5,34.7,41,45.3,58,90.5,78.4,74.9,57.7,43.1,47.6,56.7,68.1,44,54.6,60.4,67.7,89.9,78.4,78.2,62.3,38.6,40,57.1,58.9,48.8,39.3,48.1,59.8,91.1,70.5,77.2,63,45.4,49.2,66.6,60.2,35.2,51.3,62.4,56.2,77.8,80.6,80.6,60.3,50.4,41.7,67,62.4,39.9,46.3,50,69.8,120.5,104.2,96.4,72.9,59.3,60.3,77.3,94.8,54.6,65.3,93.4,122.4,154.5,174.2,148.7,107.6,73,68.2,84.2,100.3,61.6,65.2,72.5,90.6,109.2,90.8,110.9,95.6,73.8,77,92.4,88.5,58.1,66.2,75.3,92.7,116.9,100,101.4,88.5,63,56.6,89.8,84.3,50.5,50,64,91.9,143.1,119.5,108.6,86.9,64.2,64,95.9,114,66.5,62.3,71.8,80.6,122.7,115.2,121.9,94.3,84.3,81.2,116.1,112,55.2,65.8,74.9,100.9,146.4,137.6,159.9,107.6,89.2,72.5,114.2,105.9,57,71.5,85.2,100.8,139.7,124.5,116.9,89.4,70.8,63.5,67.3,64,55.3,66.5,77.9,87.8,176.5,127.5,121.1,97,72.4,74.6,101.8,86.4,64.3,62.3,73.2,98.8,142.2,116.5,119.4,99.5,79.9,56.6,77.5,78.8,55,54.6,63.4,85.6,125.3,112.4,100.6,75.8,59.1,48.2,64.1,69.6,51.8,45.3,67.3,79.8,115.3,103.2,118.3,89.5,73.2,71,102,80.8,60.9,61.1,83.4,99.7,155.8,126.5,116.9,88.8,67.2,68.4,85.7,75.6,61.5,67.5,75.5,93.5,127.6,111.6,119.4,92.6,80.1,63.9,102.2,92.5,57.9,66.3,77.1,94.9,135.5,107,107.3,82.9,61.6,57,99,77.5,48.8,51.6,64.2,92.4,127.3,101.9,121.3,82.5,64.4,55.5,80.7,71.6,48.6,52.6,58.9,87,138.4,103.4,97.1,75,60.3,51.9,100.4,88.8,57.3,55.7,74.8,84.4,137,115,126.7,87,57.2,43.9,84.2,78.4,34.3,46.2,55.9,73.1,133.2,90.2,93.3,73.5,71.8,47.5,83.4,61,41.2,44.3,70.3,115,178.4,163.8,167.7,136.6,114.5,101.1,124.4,109.3,62,67,76.2,97.3,143.7,113.6,123.3,78.3,70.9,57,93.4,81.5,46.5,55.5,62.5,69.2,114.5,95.6,99.5,79.7,58.6,44.3,85.8,81.7,35.9,44.5,56.3,76,134.7,93.1,86.3,66.7,56.3,56,74.7,62.3,40.8,52.8,59.4,74.8,111.5,77.2,95.2,67.1,54.8,53.9,77.9,58.6,34.8,49.6,49.6,78.5,101.9,76.8,89.3,77.4,55.3,37.5,69.7,62.6,36.6,41.2,46.2,66.3,116.8,101.8,98.8,74.2,64.2,47.4,76.4,55.5,46.4,37.2,52,70.4,81.4,96.5,81,63.3,48.4,43.9,63.7,53.8,28.9,33.5,59.2,67.5,75.1,76.7,63.3,50.5,37.8,34.5,60.8,48,22.9,37.2,34.7,32.8,74.1,53.8,85.2,47.6,34.7,21.6,52,56.5,13,19.2,30.1,36.1,61.5,59.1,52.4,44.4,32.3,29.6,57.3,48.2,20.3,31.5,33,49,74.3,57.2,549.8,"1,336.30"
Looked for full-time work,610.7,596,584.8,575.6,544.4,554.6,600.8,502.1,494.9,514.4,547.3,574.5,671.7,719.5,732.5,704.9,668.2,661.8,701.3,633.7,627.2,624.1,661.8,714.2,762.9,782.7,809.1,792.1,768.3,726.8,749.5,689.2,676,632.5,690.2,711.4,785.9,790.6,784.7,742.9,676.5,645.3,623.5,573.9,558,576.7,615.9,632.3,723.4,730.4,757.3,721.7,710.3,721.6,685.3,629,605.1,611.5,634.2,657.5,727.3,738.5,773.8,688.4,687.4,678.2,657.5,593,674.3,696.3,739.9,781.2,848.7,898.3,997.2,984.6,"1,020.50","1,089.50","1,170.20","1,105.80","1,102.10","1,161.70","1,205.10","1,259.50","1,355.30","1,367.90","1,397.60","1,323.80","1,297.90","1,264.70","1,212.80","1,112.30","1,047.20","1,055.90","1,096.60","1,133.70","1,240.20","1,249.00","1,289.50","1,246.40","1,252.70","1,181.50","1,119.20","1,079.00","1,117.00","1,114.40","1,150.80","1,142.10","1,188.70","1,210.40","1,280.20","1,199.50","1,149.40","1,107.50","1,069.10","1,017.40",984.7,998.3,"1,047.60","1,027.90","1,102.60","1,112.60","1,158.40","1,086.00","1,039.50","1,019.50","1,016.20",949.3,913.1,901.5,948.2,989.2,"1,086.70","1,091.40","1,114.50","1,033.40",983.9,943.4,943.7,870.1,804.4,795,825.8,826,912.1,899.6,936.2,876.9,862.8,803.3,844.2,794.5,754.6,755,770,796.4,886.6,887.8,926.2,884.7,861.3,820.1,839.4,747.7,710.5,714.1,775.6,807,909.3,890,876.8,858.3,877,825,869.8,836.8,826.3,886.2,963.4,"1,008.00","1,132.90","1,199.70","1,299.80","1,228.80","1,205.80","1,198.30","1,216.30","1,125.70","1,035.80","1,069.90","1,147.00","1,142.60","1,260.80","1,277.30","1,371.80","1,257.50","1,282.50","1,275.50","1,313.20","1,264.40","1,175.40","1,179.30","1,337.80","1,310.40","1,359.80","1,356.30","1,421.20","1,377.50","1,364.80","1,338.90","1,387.30","1,252.40","1,158.60","1,177.10","1,218.30","1,275.10","1,357.70","1,328.90","1,313.60","1,312.40","1,268.00","1,197.60","1,188.80","1,082.30","1,032.80","1,029.50","1,049.60","1,080.30","1,165.80","1,151.30","1,169.00","1,108.50","1,096.80","1,053.40","1,117.80","1,010.40",929.7,946.4,984.1,"1,008.80","1,146.00","1,138.90","1,121.40","1,074.40","1,080.50","1,117.00","1,116.50","1,006.90","1,010.10","1,021.20","1,057.40","1,041.40","1,095.00","1,119.20","1,069.70","1,065.90","1,074.80","1,025.40","1,095.70",987.3,886.1,884.5,910,873.9,978.4,971.5,947.9,899.8,938.4,913.6,983.2,881.1,785.7,801,833.2,837.5,908.6,909.9,878.4,895.8,889.8,849.7,934.4,810.2,703.3,703.7,709.3,697.2,779.1,803,793.3,755.6,772.5,755.8,844.3,763.5,668.3,672,693,709.2,816.7,798,799.4,774.5,805,779.6,827,804.8,714.4,735.4,775.6,849.4,955,925.3,910.6,880.4,916,855.2,946.2,857.4,762.9,780.7,802.4,838.6,905.6,917.5,887.7,873.2,933.4,885.8,969.2,908.3,815.2,792.4,802.9,817,892,886.4,885.1,833.8,874.4,835.9,882.8,827.1,725.1,736,784.6,790.4,847.3,851,810.8,788.1,831.7,768.9,859.3,806.8,709.2,703.3,706,729.6,784.8,772.5,744.3,724.6,721.4,699.1,833.9,726.6,665.9,623.5,664.3,668.7,745.9,730.2,737.3,702.3,740.8,706.3,750.3,708.5,623.6,616.6,652.1,673.8,740.3,745.3,771.1,692.9,749.4,722.7,790.3,719,646.6,682.1,739.9,768.2,918.8,999,"1,047.80","1,056.90","1,137.30","1,090.20","1,183.10","1,103.40",973.7,969.4,"1,029.30","1,016.10","1,097.60","1,094.90","1,094.40","1,061.20","1,075.10",998.3,"1,128.70","1,068.50",909.5,879.2,885.5,928.9,"1,042.70","1,024.10","1,019.70",979.2,968.4,957.8,975.8,915.9,822.2,849.2,885.1,892.2,978.3,978.5,955.1,917.8,986.6,907.5,"1,000.90",928.5,807.6,861.6,859,874.9,965,985.3,950.7,909.3,953.7,903.5,"1,020.80",916.9,809.2,818.9,838.3,905.5,985.4,985.1,980,919.3,965.5,906.9,"1,024.90",946.8,785.8,771.4,817.9,827.2,896.8,952,941.6,890.5,928.5,893.9,952,952.9,831.1,848.4,907.6,938.9,"1,026.40","1,034.70","1,001.20",972.1,953.8,910.7,998.1,977.6,840.7,850.7,847.1,872.2,931.4,911.4,944,894.6,919.7,828.8,913.4,854.8,755.4,716.3,716.9,737.5,824.1,845,793.4,748.6,776.3,775.5,824.6,801.5,716.7,689.3,689.2,708.6,822.8,787.5,806.1,762.3,740,726.6,813.6,750.3,640.1,659.3,740.2,717.3,753.2,800.4,770.7,852.5
Looked for part-time work,90.2,96.8,87.2,82.5,77.5,77.8,77.7,87.3,101,89.1,93.3,81.6,90.1,90,90.5,90.9,80.4,73.3,85.3,96.2,111.8,107,107,86,98.4,110.3,128,101.7,81.3,84.1,93.8,107.4,122.7,117,121.9,107.2,125.8,123.7,131.2,116.8,91,99.7,102.4,108.9,121.9,130.1,112.7,94.7,118.2,107.6,130,120,100.6,103.8,98.6,108.3,120,120.9,111.4,88.2,116.3,119.9,146.1,112.2,96.9,103.5,101.8,107.7,153,148.8,132,110.6,114.7,119,135.4,124.1,114.8,125,134.2,156,155.6,167.2,166,157.8,158.9,156.8,198.5,192.8,157.8,151,155.6,171.9,188.2,167.2,164,153.7,146.9,163.1,177.6,168.5,149.7,137.6,170.6,187.1,211.8,182.3,185.2,149.5,166.4,167.2,197.4,173.3,146.2,153.7,166.5,176.4,193.2,198.6,188.1,170.9,180,181.7,174.3,167.7,149.2,134.6,150.8,167.9,187.3,180.2,167.7,144.1,168.2,170.4,202.1,161.5,142.5,148.1,147.7,138.6,183.4,184.5,161.8,148.5,153.3,154.8,156,132.9,121.4,119.6,138.5,155.8,178.9,153.4,163.2,125.6,157.3,143.5,150.9,148.9,125.1,114.6,132.5,147.9,168.3,165,176.5,138.2,161.4,158.3,150.9,137.2,133.2,117.5,150.4,156.3,187.9,194.1,193.4,159.5,192.3,168.3,183.4,157.2,164.1,160.8,203.6,222.3,214.3,205.6,197.8,173.8,199.1,214.5,230.8,201,188.2,211.2,232.3,249.9,238.1,223.6,245.9,201.6,195.7,186.7,234.2,221.4,222.6,218.1,241.8,253.8,261.5,235,253.5,200.4,216.3,224.8,220,192.4,193,170.2,218.5,234,204,211.8,195.9,165,192.8,187.7,208.4,181.5,178.5,187.6,234.5,225.2,208.9,210.8,198.3,185.5,187.7,194.2,191.5,178,174.6,188.9,236.9,239.3,252.9,253.8,247.8,203.6,252.6,239.1,250.5,231.3,227.5,217.7,208.2,233.5,258.6,270.3,266,212.5,230.6,240.7,237.7,230.1,216.3,210.9,213.5,210.6,271.1,245.5,244.5,213.6,219.6,234.6,231.5,252.2,239.5,185.4,200.2,234.4,273.1,240,223.2,180.5,191.4,190.8,190.1,201,182.7,167.1,191.8,227.9,250.1,264.6,239.2,189.1,212.4,232.4,231.6,230.2,207,197.4,218.8,227.6,253.9,251.2,259.6,238.1,259.4,269.6,272.8,253.7,245.8,206.7,244.4,264.9,301.9,270.5,279.3,217.9,269.6,250.6,242.3,257.2,268.6,215,249.1,283.5,315.2,288.1,285.2,228.4,260.4,270.2,263.3,259.1,252.9,217.4,258.7,260.3,297.3,289.6,289.3,233.7,253.3,269.6,255.7,242.5,252.3,221,254.9,244.7,287.8,270.2,239.2,216.2,264.6,244.5,258.3,241.2,245.1,203.9,232.2,250.3,279.2,257.2,269.7,216.4,253.1,249.4,232.2,229.9,231.3,202.5,257.2,242.3,268.3,255.2,277.4,230,216.8,230.9,234.2,261.4,249.1,214.8,247.8,255.7,284.1,263.6,286.6,230.4,277.8,288.3,313.7,295.7,312.4,262.5,320.7,314.6,326,328.8,328.5,280.7,308.7,310.2,333.7,327.5,344.8,290.2,314.3,337.2,377.7,359.4,329.7,273,295.9,315.3,326.6,322.8,326.4,295.7,344.9,357.4,366.7,342.4,340.5,285.8,316.9,313.1,324.2,335.6,327.7,280.6,308.7,320.2,356.3,338.5,316.4,277.8,283.5,287.1,342.4,323.4,301,285.4,300.4,339.8,333.6,322.6,307.2,253.1,273.2,291.9,286.2,303.6,301.6,309.9,302.5,304.7,345.7,305.5,290.1,253,268.8,270.8,306.1,317.1,319.1,259.9,323.9,319,338.1,312.2,275.2,253.1,294.1,302.4,328.4,332.1,307.6,260.9,320.9,297.7,335.7,317.1,296.9,280.5,343.3,325.7,326.2,283.9,296,289.8,300.3,307.6,292.4,327.8,292.9,251.5,280.2,268.1,280.3,307.7,307.5,280.8,299.3,314.3,301.9,301.4,271.9,262.5,301.8,330.2,301.9,289.2,276.8,270,299.9,320.1,324.3,296,295.9,238.6,295.6,291.2,275.5,226.5
Looked-checked with employers directly,436.1,427.2,439.9,435.7,434.7,415.9,461,407.4,416,411.8,433.1,430.8,497.4,541.8,551.6,562.3,539.7,504.6,544.3,500.4,520.8,503.6,529.9,532.9,583.2,603.6,670.5,632.5,626.6,586.6,603.9,578.2,574.9,531,554.8,573.2,607.1,611.2,646.3,609.7,553.7,536.1,511.3,487.6,498.8,526,525.3,505.4,587.8,587.4,624.7,615.7,587,607.9,569.4,530.6,534.7,527.5,532.4,523.5,581.3,597.2,672,571.6,576.9,571.3,543.6,503.1,605.3,612.5,622.5,630.6,663,701.6,819.6,807.6,829,881.6,941.3,917,906.8,929.6,944.5,969.8,"1,009.50","1,029.30","1,120.60","1,083.90","1,037.00","1,003.60",963.6,916.1,893.8,866.6,866.5,875.1,933,962,"1,012.40","1,001.30","1,001.10",945.9,894.5,889,960,921.3,945.2,896,922.3,939.4,"1,036.90",989.3,917.6,912.1,847.3,816,830.3,828.6,857.9,834.4,858,896.4,919.7,892.8,842.5,834.3,805.6,797.8,806.5,746.5,778.7,768.6,858.8,885.2,945,860.7,788.3,760.2,756.7,705.6,711.8,673.1,673.8,676.5,728.8,753.6,785.5,720.7,718,666,695.4,659.2,672.6,634.7,619.5,606.3,676.6,682.5,729.6,727.9,680.5,665.2,678.1,612.2,608.9,608.1,655.4,620.5,720.8,729.5,722.3,713.8,707.7,669.4,715.6,698.2,692,743.7,808.6,767.6,869.4,927,"1,019.70",977.6,972.4,986.7,979.4,968.3,902.7,918.6,935,876.2,978.4,990.3,"1,142.30","1,036.50","1,060.00","1,051.60","1,087.80","1,062.60",997.6,993.5,"1,063.70","1,000.20","1,011.40","1,041.70","1,131.40","1,126.00","1,123.10","1,099.40","1,121.80","1,026.30",976.8,946.8,990.8,969.3,"1,015.10","1,047.40","1,055.10","1,036.00","1,014.90",946,965.1,893.2,855.4,843.3,859.9,801.7,891.2,864.8,925.1,862.3,860.3,812.4,890.8,833.9,764.6,786.8,799.5,766.3,863.9,892.2,908.6,864.3,853.5,886.2,908.2,849.8,889.8,885.5,883.4,846.6,888,923.9,893.3,915.2,914.3,878.5,907.8,846.1,789.6,803.3,801.7,730,818.5,835.1,840.1,810.3,822.1,819.7,857.9,779.8,744.5,746.5,754.5,727.1,780.6,806.9,790.9,815.2,805.1,742.4,797.8,750.1,703.9,644.9,627.9,586.7,637.5,653.2,662.5,650.9,678.2,603.3,652,578,496.4,500.7,519.5,487.8,544.3,532.2,524,549.6,583.6,523.5,586.7,544,544.7,545.5,568.5,588.1,652.8,630.2,667.1,657.1,681.3,633.4,679.3,621.7,640.4,607.9,630.1,579.2,668.8,650.5,622.1,660,693.8,612.8,674.5,660.6,646.4,628.5,617,590.1,654.8,631.8,629,631.2,681.3,621.6,665.6,624.7,561.5,575.9,603.1,561.5,603.3,576.5,549.9,548.6,580.1,511,607.4,531.1,535.2,503.2,468.5,456.5,512.1,492.7,508.8,495.6,519.5,459.5,539.3,504.6,505.2,442.1,483.4,432.2,465.1,483.4,473.8,467.4,479.9,442.9,486.2,482.7,459.2,449.6,459.8,452.2,471.9,491.1,514.8,498.8,535.7,505.9,521.4,496.4,479.2,493.6,517.4,502.4,568,640.4,698.2,727.7,779.9,707.7,804.9,724.9,695.6,686,681.8,636.9,724.1,718.5,773.5,745.8,781.9,707.2,769.6,725.2,680.9,662.4,608.7,601.4,639.3,665.7,686,628.2,643.9,645,647.5,620.2,638,605.2,615.6,552.7,598.7,576.3,611.2,613,670.5,605.4,688.4,575.7,584.2,602.2,593.8,555.7,596.3,624.7,606.5,612.7,634.4,611.1,647.3,600.1,553.5,571.6,563.2,506.8,546.3,581.3,607,585.3,606.6,566.3,660.5,572.9,578.8,508.3,518.1,509.4,500.1,584.6,616.7,632,641.9,569.9,633.2,584.2,557.6,574.9,532.5,567.4,585.5,598.8,629.8,645.6,612.1,574.7,643.8,602.4,562.5,534.8,506.7,523.1,550.4,552.2,580.1,561.5,555.6,517.5,538.9,525.2,477.1,447.4,460.5,411.3,476,485.1,482.1,500.6,506.5,492.4,464.4,484.4,438.3,409.2,413.2,411.5,474.7,468.5,449.7,472.3,428.6,436.3,476.4,467.5,410.2,392.6,427.5,389.5,422.1,479.2,522.4,431.7
Looked-used public employment agency,444.3,436.5,419,401.8,370.8,382.7,406.9,329.4,335.7,354.4,389.3,427.5,496.9,506.2,509,478.4,457.7,431.2,476.2,402.3,405.5,422,458.8,488.1,539,538,521.7,495.5,476.9,446.5,455.4,417.7,417.2,401.7,447.3,449.2,512.9,504.8,490.8,450.9,410.9,387,380.3,327.9,320.9,345.2,374.6,396.3,449.8,432.2,434.4,416.1,400.9,416.2,397.9,360.8,362.2,357,378.6,396.5,440.5,448.3,443.8,385.2,373.1,393.7,371.7,321.7,378.5,400.9,434.7,468.1,490.5,533.1,570.9,538.8,557.9,619.3,651.8,600.3,600.9,637.5,675.1,729.8,760.4,757.1,747.8,679.7,656.5,649.3,625,573.9,529.1,545,575.8,612.9,639,625.8,642.9,592.7,607.6,584.9,558.5,524.4,531.5,547.9,552.7,560.9,614.8,605,611.9,557.9,530.6,498.1,514.2,460.9,475.8,485.8,509.5,533.7,541.5,505.3,533.4,498.7,458.4,476.4,469.3,424.4,422,427,456.8,475.8,531.4,552.8,542,488.9,457.1,443.6,450.6,416.7,374.7,383.4,400.5,386.9,465,421.4,425.5,393.3,381.2,364.9,387.2,356.2,341.8,336.1,366.1,358.3,422.6,397.7,397.5,365,372.1,357.6,379.7,327.7,321.9,333,370.9,379,441.9,416.6,391.8,369.6,391.8,362.7,397,370.9,380.1,442,482.3,489.1,606.3,607.1,600.5,547.3,537.4,532.1,565,514.9,472.4,505.5,534.2,538.7,593.9,600.7,577.3,542.9,516.7,571.4,593.4,564.5,537.2,517.6,614.4,612.8,598.9,601,592.1,582.5,575.8,589.2,584.2,539.4,488.7,511.6,546.1,608.5,619,553.8,588.8,575.4,544.9,505.2,531.7,470.8,436.2,426.9,430.3,453.6,494.6,480.1,463.2,415.4,426,428.3,459.1,438.1,352.7,373.4,386.7,410.3,478.8,458.4,397.5,392.3,401.5,442,436.4,376.2,382.9,398.4,410.5,385.9,412.9,444.4,427.2,374.6,394.7,387.8,424.7,360.4,365.4,381.3,388.2,373.4,426.2,414,406.7,337.1,366,359.4,382.4,356,306.6,334.2,351.4,350.8,394.5,399.5,368.2,373.2,374.3,337.3,365.4,339.6,301.3,309.5,320.7,285.2,331.8,355.6,320.8,285.3,304.4,296.6,310.4,283.5,224.8,223.7,252.2,243.8,293.3,290.5,288.2,272.8,298.4,287.6,320.1,283.1,271.5,296.6,303.1,331.9,347.4,322.2,311.9,290.4,311.1,275.6,309.2,280.3,239.3,252,249.6,283.4,300.4,295.4,278.9,273,267.1,266.2,275.7,259.9,228.3,234.8,237.4,246.8,275.3,256.7,269.7,258.2,249.9,264.9,260.3,239.5,220.6,200.7,228.4,216.9,247.9,234.6,242.1,178.7,195.3,192.5,225.2,202.3,182.2,173,184.3,195.6,229.5,248.4,198.5,208,188.1,165.5,203.7,175,159.3,176.1,166.6,163.4,181.2,190.2,191.8,179.1,163.3,155.8,195.7,174,157.8,148.6,166.5,163.7,187.2,177,176.5,173.5,168.1,149.9,171.2,155.7,150.3,165,191.1,208.6,253.9,253,270.9,252.5,264.4,267.2,296.5,264.6,241.9,246.3,256.7,257.9,292.6,296.4,325.6,280.7,280.7,271.3,293.5,270.9,254.6,240.9,252.9,263.7,252.5,271.7,245.6,222.8,232.7,223.3,250.5,217.4,236,250.7,246.1,246.8,272.1,257.2,260.7,249.2,246.7,226.9,257.5,239.2,228,248.3,213.6,216.5,246.5,265.4,239.7,215,219.7,221.2,243,217.1,204.5,216.2,208.9,217.2,235.7,263.5,241.5,212.1,214.5,223.4,233,190.7,188.4,163.1,196.2,178,225.6,219.3,216.4,200.8,206.4,198.5,201.7,198.6,184.6,184.5,198.7,194.7,204.1,207.4,205.8,228.9,199.6,209.5,205.4,191.3,170.3,185.4,183.5,172.5,199.3,194,198.4,178.9,185,164.1,135.3,166.6,150.3,135.7,141,145.8,154.3,161.8,162.5,162.3,143.2,137.5,132.9,134.6,128.9,130.9,128.7,117.3,136.7,146.9,141.8,144.6,130.3,110.4,143.2,126.2,130.5,140.6,126.8,125.6,130.3,172.1,119.9,94.6
Looked-looked at job ads,289.6,264.9,266.9,245.2,241.4,252.6,277.3,226.3,238.4,245.1,243.3,255.5,309,308,328,314.8,294.5,307.4,299.5,286.7,289.5,305.1,318.4,309.6,346.3,366.3,360.2,329.5,319.4,299.8,323.8,307.2,329.1,312.1,339.8,334.6,356,347.5,341.6,328.7,294.6,281.9,284,272.4,280.2,311.9,304.4,291.1,337.9,323,326.7,311,313.4,298.6,304,292.6,302.5,303.5,296.3,308.7,343.8,345,331.9,308.2,291,305.3,302,287,327.5,343.8,339.6,356.6,427.6,442,494.7,496.4,495,560.5,624.4,582.2,586.6,650.7,655.9,677.3,739,723.6,722.2,696.6,654.3,630.9,619,581.5,559.7,555.1,579.4,574.8,614.5,617.1,658.5,597.4,610.1,591.4,578.5,581.1,601,585,619.4,592.9,630.3,654.7,669.6,609.5,584.7,582.5,578.5,584.3,576.6,570.7,580,530.5,602.1,601.5,607.9,544.5,533.9,497.2,532,525.6,496.2,529.8,559.6,557.5,639.3,631.3,635.3,587,571.5,533.6,532,495.4,474.6,468.6,480.7,464.1,533.8,547.4,532.6,493.1,468.8,489.6,483.9,480.7,471.2,438.2,474,480.8,531.4,574.8,571.4,518.9,482.1,472.7,487,454.2,445.3,471.8,515.9,497.9,593.9,577.9,557.5,510,539.6,492.2,514.9,527.1,545.3,590.7,616.8,656.1,761.6,787.1,855.9,788,776.7,776.9,827.1,794.7,719.3,733,801.7,786.3,856.6,891,910.3,828.5,828.3,869,890.9,920.8,815.8,843.5,933.8,866.1,920.1,912,958.8,937.3,907.5,901.8,982.2,897.2,831.5,838.3,871.1,860.2,956.6,908.1,912.6,824,847.2,762.3,789.5,739.8,664.8,651.4,655.5,648.1,686.3,678.5,718.7,657.1,632.9,641.5,696.2,631.2,566.9,589.9,593,619.3,665.5,675.5,656.4,592.7,625.3,665.2,696.3,637.5,621.7,629.4,624.4,590,639,655,611.6,576,603.4,576,614.6,600.4,543.4,553.8,564.8,523.6,579.5,604,563.4,542.3,576.6,554.4,579,550.6,496.3,528.6,562.5,528.7,561.9,593.8,579.3,586.2,584.8,515.5,601.7,539,506.8,481.7,494.4,470.3,510.4,513,495.4,471.7,496.7,462,523.4,495.9,450.2,465.9,449.1,430,499.8,489.4,485.3,484.8,495.2,516.7,525.5,500.7,456.9,505.4,528.1,554.1,580.8,564.7,579.9,533.7,549.5,517.5,581.1,554.9,514.2,505.5,540.8,521.1,560.7,573.8,538.3,526.7,579,534.5,572.6,560.9,516.2,509.2,526,480.6,542,558.2,538,485.1,500.3,506.8,502.6,503.1,488.4,474.2,487,497.3,499.4,503.2,501.4,419.9,477.3,445.3,502.7,478.9,451.7,432.4,444.1,451.8,498.3,485.9,470.2,458.9,440.9,404.2,497,440.9,416.6,400,428.8,432.5,441.8,467.8,430,417.8,448.6,403.3,410.8,414.3,375.7,378.7,410.9,410.6,440.7,434.5,443.3,420.2,425.4,422.3,473.4,438.9,434.3,423.3,473.5,457.9,567.7,584.6,690.8,660.5,696.9,680.7,752.8,711.9,642.8,650.9,685.9,646.2,677.5,685.6,646,691.5,690.4,656.3,720.5,681,644.1,627.8,634,672.6,708.2,707.8,705.5,701.2,675.2,685.7,675.7,621.2,588.7,608.5,619.1,630.2,654.3,657.5,669.1,624.2,643.5,587.1,634.7,626.4,557.2,587.7,598.1,616.1,626.4,653.3,674.3,607.9,618.9,567.5,660.7,677.1,613.1,615.6,591.8,631.1,684.5,707.7,679.4,647.5,667.9,637.1,705.3,647.8,566.8,556.4,565.8,540.1,633.5,638.6,673,666.6,690.1,634.8,713.9,751.6,653.7,656,704.9,722,801.3,824.6,817.6,816.9,777.8,724.7,823.6,808.2,720,716.8,707.2,733,833,795.8,839,733,761.4,703.9,772.4,749.4,662.3,660,652.7,643.2,698.1,707.1,695,670.9,685.7,642.5,739.6,735.8,647.2,603.4,593.9,629.9,733.4,755,721.4,686.2,680.3,649.5,731.5,694.4,626.6,596.2,684.7,652.8,700.5,722.2,758.3,823.3
Looked-checked with private employment agency,33.4,43.8,37.5,35.1,37.2,29.3,39.6,31.5,38.5,40.9,39.3,36.9,41.8,39.8,41.1,36.5,35.4,37.1,40.9,38,38.3,39.7,38.9,40.7,37.9,37.4,32.7,35.7,34.6,34.8,40.1,31,30.6,35.3,36.6,37.5,31.8,32.2,31.3,31.6,28.5,33,29.2,27.8,22.5,29.2,30.6,23.2,33.1,22.2,32.7,28.9,33.3,39.9,33.2,27.7,24.9,29.2,31,19.1,31.4,20.9,26.7,29,34.6,33.7,31.9,21.6,23.4,26,27.4,33.5,32.6,37.8,33.9,41.6,54.6,60.4,63.4,53.8,46.9,45.9,46.9,47.6,49.8,53.6,45.6,42.3,46.3,55.9,50.4,42.8,38.2,41.6,37.7,34.6,46.7,32.5,38.3,34.4,52.6,41.3,36,36.5,33.3,32.2,30.4,32.3,36,31.8,37.7,37.2,34.5,43.8,43.7,32,40.1,36.5,31.8,29.1,37.1,25.5,34.6,32.6,38.9,32.3,38.8,34.7,33.9,32.4,28.7,27.1,37.5,24.7,26.9,28.8,27.6,36.2,35.8,35.2,34.3,30.2,29,32.8,27.7,28.1,23.7,26.9,32.3,29.3,31.9,27.3,24.2,36.6,26.5,24.8,27.5,32.5,28,23.4,34.9,30.2,34,24,20.3,26.9,30,27.7,30.3,30.7,28,30.5,38.7,32,35.3,31.8,35.1,47.8,42.5,40.4,48.3,51.5,38.7,46.3,55.9,55.6,55.9,57,60.1,58.5,58.8,39.1,53.9,63.3,53.2,49.2,50.3,54.7,53.9,51,50.4,60.5,48.7,50.9,54.4,62.9,59.2,42.8,61.9,61.6,64.7,68.9,47.6,49.8,52.2,48.2,60.1,58.1,56.4,63.3,60.7,51.2,48.4,45.5,44.3,42.3,37.7,43.5,52.9,51.9,49.4,41.1,50.5,52.1,54.2,43.6,45.5,40.5,39.8,34.2,44.1,41,45.4,46.9,45.9,41.6,48.6,52.8,59.2,66.9,54,48.7,68.2,67.5,63.5,61.1,59.7,64.5,65.9,63.9,74.4,67.1,64.9,62.2,60,70,63.6,69,69.6,67.5,70.1,63.6,72.2,60.3,77,65.3,82.6,74.3,72.5,78.4,78.6,75.5,74,82,72.9,65,63.7,56.9,76.6,72.9,76.3,66.7,76.2,65.7,66.7,62.4,60.6,71.1,65.6,76.5,83.5,78,94.1,77.2,95.1,78.1,90.4,81.6,88.8,87.4,70.2,93.1,95.4,85.3,109.8,99.3,101.4,91.4,94.3,92.8,82.1,79.7,83.4,82.5,87.6,88.3,86.1,92.5,104.7,92.4,97.4,104.7,74.2,82.3,74.6,68.6,94.2,92.2,81.3,70.1,77.9,92.9,90,80.1,63.4,59,59.8,67.6,65.4,74,61.8,63.7,82.4,66.8,74.7,62,85.2,66,65.4,53.6,73.1,72.8,58.9,60.8,70.3,59.2,70.4,54.5,64.2,58.7,57.1,63.6,61.9,79.2,66.5,62.7,49.9,53.5,54.2,72.6,52.8,65,63.9,68.2,57.6,57.2,64.5,60.3,61.4,71.1,64.6,69.9,72.1,57.8,68.4,61.2,74.7,86.1,97.9,86.3,95.9,84.8,114.7,90.2,93.8,97.7,97.2,84.1,87.8,121.9,120.3,89.8,109.7,119,116.4,102.1,100.1,102.8,87,82.2,87.5,89.9,81.2,72.2,79.5,88.2,79.4,89.9,95.9,97.4,107.3,82.8,89.8,96.7,85,95.1,96.7,92.3,106.9,92.4,100.9,104.5,87.1,79,90.6,96.2,69.5,87.9,81.6,81.7,97.2,69.7,110.9,85.9,103.9,91.1,95.3,123.2,84.2,82.3,99,108.9,96.2,73.7,73.8,70.4,65.7,66.7,70,84.7,80.3,95.4,106.6,102,98.7,98,93.7,83.7,105.3,107.6,101,112.6,126.1,141,113.6,111.5,131,127,102.2,117.5,111,94.2,108.5,119.9,113.4,105.8,94.4,112.2,103.2,85.7,93.6,86.3,105.7,99,105.7,104.9,102.7,95,98.6,102.3,113.4,98,83.5,80.2,68.1,80.3,85.4,91.8,92.6,85,71.4,73.4,77.3,86.1,67.6,100,94.1,86.1,70.7,104.1,128.9,118.8
Looked-checked with union,34,29.9,29.8,28,25.2,20.2,18.9,18.6,20.7,23.7,20.9,23.2,38,41.6,41.3,39.9,31.3,29.4,23.9,23.9,21,21.1,27.3,29,38.1,36.7,40.3,35.8,28.5,26.2,21,18.1,23.8,21.7,22.2,27.3,36.1,40.1,32.9,31.8,26.3,22.7,17.6,17.2,18.1,15.9,17.8,22.3,31.6,33.5,30.1,36.4,29.7,30.6,18.1,16.5,19,18,18.6,22.7,30.3,29.6,28.5,23.2,26.6,20.1,15,12.4,17.4,19.6,23.5,27.4,30.3,35.3,39.8,43.1,39.4,41.9,45.7,40.9,40,43.1,46.2,52.1,71.3,70.5,74.5,72.2,68.9,66.4,58.6,53.9,56.1,53.4,55.6,67.9,67.1,63.6,64.5,60.5,57.6,57.9,50.1,43.9,40.1,43.3,44.5,45.7,51.9,52.7,50.4,47.8,44,40.9,38,35.9,28.6,31.3,35.1,37.3,46.2,43.3,48.6,41.5,39.3,28.7,30.3,29.9,26.8,29.1,27.5,34.3,38.6,44,43.2,37.7,29,28.7,27.1,20.2,20.1,22.4,23.7,22.8,29.3,29.2,27.9,24.5,23.2,18.2,21.8,18.3,14.5,20.7,18.9,19.9,28.3,21.7,21.5,28.6,18,23.5,16.9,20.6,17.7,12.2,19.1,25.2,29.5,27.5,33.1,31.2,25.1,25.5,26.2,22.3,17.9,25.2,33.4,35.1,50.6,47.8,56,50.5,46.8,50.8,46.7,36.3,38.2,28.8,32.4,44.4,51.3,43.5,40,41.2,46.4,48.2,43,40.6,40.1,43.9,40.7,41.1,51.9,52.1,56.4,47.3,45,43.4,42.8,52.7,32.8,48.2,38.3,42.2,46.9,45.7,44.5,48.6,41,34.7,39.2,29.8,27.3,23.2,28.3,30.9,32.7,37.5,34.8,33,26.5,26.9,24.2,23.4,17.5,19.3,18.2,23.8,26.9,23.6,23.1,22.7,22.3,23,19.4,16.9,21.5,17.3,19.8,19.5,30.7,32.5,31.1,22.4,23.4,20.4,22.7,22.3,22,17,18.5,21.7,25.4,26.9,23.2,24.1,22.2,23.5,26,21,18.3,18.7,19.8,22.7,33.9,26.9,29,24.6,22.6,21.1,16.5,17.8,16.8,19.7,16.9,19.9,25.4,25,22.4,20.1,23.5,16.3,16.7,18.1,11.6,16.8,15.1,21.2,33.8,33.3,35.9,25.3,23.8,20.9,25.4,22.4,32.5,27.5,22.5,29.2,35.2,33.3,37.3,28.6,27.7,24.8,24,18.1,21.1,19.5,21.8,29.8,27.9,28.8,29.9,25.5,24.7,21.9,19.2,22,17.2,18.7,21.5,23.1,25.9,24.5,27.8,17.8,18.7,18.6,20.6,22.1,22.1,16.1,17.2,22.8,18.5,16.9,13.4,12.7,17.6,17.4,13.1,11.9,13.1,15.8,16,13.5,22,15.9,14.4,16.2,19.7,15.3,21.6,13.4,14.2,10.6,17.4,14.2,22,15.8,24,18.5,15.4,13.8,8.8,12.2,10.4,10.4,13,13.8,16.1,14.4,14.1,9.7,14.4,10.6,14.4,13.2,13.6,20.5,22.1,20.4,30.4,31.6,28,27.4,26.3,26.5,23.2,21.9,18.9,18.1,16.9,29.3,32.1,32.6,31.7,28,23.7,22.1,23.2,29.9,22.7,23.6,26.5,25.5,31.9,36.1,33.4,28.5,23.1,19.6,17.6,21.6,23.6,15.9,15.1,17.4,26.4,26.3,27.1,26,16.3,19.5,20.1,20.5,8.8,13.2,15.4,21.9,28.8,24.5,29.7,27.8,24.2,21.1,27.5,18.2,17.4,21.8,24.2,29.9,33.1,23.5,24.8,19.2,29.3,23.2,18.3,18.4,12.5,21.5,18.8,28.9,33.2,37.2,31.4,31.4,26.1,27.7,31.6,38.9,33.2,29.4,35.3,33.9,43.3,41.4,43.9,43.7,41.4,37.7,38.8,39.8,30.3,37,36.4,41.4,47.6,42.6,45.4,42.1,30.2,35.1,33.2,28.9,27.7,29.6,37.5,40.8,42.6,44.2,35,33.6,35.8,28.8,26.7,30.9,26.9,26.2,23.1,30.2,39.8,33.4,30.2,26.4,25.4,25.8,25.7,26.1,15.2,18.8,25,22.3,36,34.3,33.4,32.3
Looked-checked with friends or relatives,90.5,74.6,83.2,85,78,86.2,103.1,78.6,71.1,74,75.5,80.6,106.6,107.8,103.5,100.1,90.6,93,109.5,90,89.3,85,93.4,98.2,114.4,99,112.6,105.1,93.7,93.8,111,96.7,97.3,87.5,100.8,92.6,107.3,111.3,93.3,99.5,88.4,80.2,80.9,77.5,72,89.7,81.2,74.3,97.8,85,87.7,88,78.9,93.4,98.7,89.2,74,86.7,85.4,91,95.2,92.8,102.4,93.1,72.9,89.3,90.2,82.6,93,94.6,107.6,111.1,113.2,126.1,126.3,146.4,155.6,150.8,176.7,165.4,152.3,184.9,177.6,204.6,230.4,211.4,222.5,204.5,170.7,199.6,205.6,193.9,163.5,162.5,165.2,177.4,181.7,192.4,169,193.3,184.3,181.3,170.9,169.9,189.1,196.6,195.8,188.7,199.9,204.8,208.9,193.7,190.9,197.9,200.9,194.9,194.3,181.8,201.5,191.6,215.4,185.1,191.4,201.9,187.4,167.8,177.2,173.4,159.4,158.8,157.1,157.8,211.4,210.5,197.4,172,172.8,170.6,177.4,153.7,144,134.3,142.6,153.7,172.9,151.2,139.6,126.4,125.5,120.3,143.8,126.9,127.6,120,124.9,128.2,153.4,166.8,146.4,145.9,135.8,146.7,138.7,139.7,133.6,131.6,137.7,141.9,157,153.7,155.1,152.6,139.7,134.2,169.1,161.9,153.7,165,196.3,205.1,228.9,230.3,233.2,241.6,231.7,226,252.6,230.3,201.7,212.9,235.7,236.6,275.5,280.2,286.1,269.7,304.2,318.1,323.1,302.4,273,284.6,301.9,299.2,310.5,304.7,332.1,292.9,324.1,338.5,368.2,327.3,314.1,312.9,337,395.3,419.8,398.4,423.9,395.3,380.9,380.5,368.6,347.9,296.7,296.8,286.9,269.4,281.9,266.4,281.2,264.1,285.9,252.2,299.6,264.2,234.8,248.5,237.4,255.1,288.3,274.8,280.3,249.3,255.5,285.2,306,269.9,282.4,243.3,248.2,251.2,279.1,252.2,261.3,252.2,273.1,270.7,319.3,284.1,283.6,268.1,272.7,230.9,285.6,281,267.9,240.5,277.3,292.8,306.1,278.6,267.3,279.1,273.2,273.4,305.5,315,287.7,302.9,310.9,298.7,336.5,313.8,271.5,261.5,257,220.2,266.1,269.4,275,244.7,274.6,253.7,278.2,265.7,226.4,216,189.3,200.9,234.7,209.2,219.1,194.2,213.1,219.4,244.2,215.4,225.4,231.3,243.6,275.1,260.9,261.5,279.7,243.9,267.8,248.2,293.4,272.9,250.2,250.6,240.6,228.8,259.2,248.2,272.3,256.2,251.4,244.8,261.3,250.9,229.1,222.9,212.1,201.8,235.1,205,226.6,214.9,210.2,220.8,238.6,198.1,188.3,201.4,187.9,197.3,201.1,185.3,194.3,166.3,180.8,168.9,197.2,169.7,169.7,153.8,146.8,138.9,167.8,156.9,164.3,145.1,152.4,149.9,166.4,137.9,149.9,151.7,133,133,143.9,153.7,147.3,124.4,139.4,149.1,148.3,165.2,129.5,132.6,129.9,137,136.4,137.8,142,142.9,155.2,148.2,179.7,145.1,156.4,156.2,150,160.2,195.2,217.9,238.1,248.4,265.1,247.9,262.6,253.5,225.4,243.8,242.4,224.5,222.4,228,235.2,227.5,236.8,232.4,247.6,210,217.3,212.5,192.9,174.5,233.6,195.7,184.1,207.8,191.1,198.1,208.9,209.9,185.4,192,191.8,207.6,221.6,183.8,199.7,209.3,229.6,178.1,234.3,211.3,194,196.1,188.6,183.1,197.5,193.3,194.6,175.9,196.7,176.4,200.6,188.7,185.1,208.7,210.4,214.6,196.9,202.1,185.7,174.1,199.3,193,248,188.8,189.5,180.2,163.7,151.5,184.1,190.3,209.1,221.4,260.7,225.2,255.7,261,215.4,223.1,242.4,263.4,282.3,308.5,318.5,318.6,287.9,287.5,347.6,334,287.3,309.7,267.3,285.9,309.9,301.3,309.1,281.9,316,295.4,301.5,307.7,252.9,267.4,258.1,255.6,298,282.4,283,274,275.5,263.8,276.6,276.7,233.7,228.7,247.3,235.6,281.7,267.6,289.4,278.8,260.5,274.9,285.1,271.4,242.6,236.3,267.1,226.7,261.8,289.8,306.1,303
Looked-placed or answered ads,97,113.2,105.5,95.5,95.3,84.5,95.8,85.9,91.2,93.1,95.4,106.6,122.1,126.4,127.6,118.2,105.8,96.4,105.4,107.3,117.9,95.2,101.9,103.6,127.8,120.3,131.2,111.1,113.4,103.8,106.5,111,114,97.8,100.1,97.5,111.6,109,109.1,116.1,89.1,80.9,92.7,91.3,107,108,104.7,96.9,105,111,120,96.8,109.1,107.9,97.9,91.1,106.6,106.3,101.8,90.7,119.3,112.8,121.8,94.5,92.8,92.9,83.3,86.1,111,111.9,114.7,120.5,126.6,135.7,167.9,159.1,177.4,154.6,177,181.6,186.6,182.5,209.8,218.4,226.2,204,245.6,227.8,218.2,203.9,216.6,190.7,185.5,186.5,184,196.7,202.2,209.5,215.8,199.6,199.5,190.8,180,181.7,214.6,205.3,202.4,209.7,215.1,208.2,219.1,203.3,191.4,187,199.3,195.4,198.7,185,183.7,190.2,210.3,195.1,213.1,203.5,193.5,184.9,186.9,184.5,186.8,179.1,181.5,191.5,202.9,206.4,202.7,192.7,188.7,188.7,185.8,182.3,184.7,162.4,161.8,165.4,195.5,182.3,155.2,148.4,143,142.4,152.3,177.8,161.5,159,157.5,167.3,182.5,169.1,182.1,168.2,160.9,147.5,145.6,145.2,140.5,145,153.3,152.3,183.1,194.2,182.4,176.2,191.2,170.3,185.5,182.9,206.8,209.5,223.1,223.4,241.3,247.9,264,254,258.2,252.5,277.9,252.4,241.3,251.5,258.3,255.5,277.2,292.7,303.6,272.7,280.9,276,303.3,299.8,281.1,284.5,294.3,283.2,287.4,266.1,309.8,316.6,342.2,329.6,340.1,309.1,282.7,270.1,264.4,279.6,306.7,323.6,318,279.1,284.2,262.8,249,241.2,222.1,227,202.2,203,254,235.7,234.6,203.8,216.6,206.6,237.6,219.9,205.1,205.4,189.7,222.7,246.4,229.3,219.4,198.1,207,194.2,216.1,215.7,225,227,220.7,195.2,239.1,220.7,238.3,226.2,240.6,225.4,243.1,239.4,233.7,252,243.9,201.2,245.7,241.8,254.7,225.9,245.1,252.3,242.3,231.1,217.2,223.8,225.5,224.7,221.7,243.3,244.1,249.6,280.7,230,283.8,253.5,229.3,235.9,214.3,177.3,209.8,228.3,233.9,231.6,241.3,203.4,253.8,246.8,245.2,235.3,261.2,233.6,257.6,297.2,283.4,272.6,321.2,305.4,335.1,298.5,295.5,307.8,288.5,342.6,327.5,348.8,339.7,303.3,349.7,299.8,306.1,306.2,292.2,274.2,267.4,253.7,275.7,287.4,274.8,277.6,294.1,269.6,328.2,294,287.8,284.2,263,244.7,257.4,293.1,284.2,249.5,265.3,256,278.4,262.9,264.5,247.4,254.7,233.5,239.9,257.9,272.9,260.7,236.7,221,270.7,283.1,265.5,264.7,242.6,251.8,256.7,265.5,266.4,221.9,245.2,221.6,295.4,268.5,256.3,225.8,235.2,230,262,245.1,260.2,246.9,250.9,236,239.1,242.2,231.4,212.1,211.1,223.1,247.9,245.9,224.7,231.2,261.8,227,269,221.4,244,230,271.5,231.9,294.5,331.7,368.4,374,412,412.4,450.8,424.9,374.8,378,425.8,396.3,410,439,386.4,383.9,428.5,393.3,418,396,377.1,352.2,379.2,358,410.6,395.3,394.1,416.1,397.9,393.6,423.3,412.5,403.4,360.6,388.7,376.4,353.3,397.9,390.1,374.5,409.1,368,400.4,386.9,347.5,346.9,358.9,375.6,368.6,392.5,395.5,373.5,416.1,348.4,391.5,399.8,353.1,358.7,344,365.2,389.5,409.4,393.2,366.9,410.9,416.3,398.9,398.9,328,326.2,343.9,324.1,351.9,375.9,415.7,425.1,436.7,414.4,452,452.3,392.3,404.5,429,436.1,443.8,473,475,476.3,458.6,443.9,520.5,477.7,447.9,443.8,440.3,445.6,472.2,469.3,509.4,446.2,485.5,428.5,452.4,455.7,404.9,399.5,394.7,362.8,408.8,393,389.3,383.5,414.5,400.4,418.9,388.2,373.8,385.4,357.8,360.3,434,445.8,422.8,405.5,409,375.9,413.8,413.2,387.7,353.6,405.1,360.1,395.2,383,461.3,419.1
Looked-used other methods,6.4,4.6,3.8,6.2,6,8.9,7.8,6.7,5.7,5.5,5.4,4.3,6,8.7,11.3,8.9,10,8,5.9,8.6,7.1,9.2,7.8,6.1,6.6,8.7,7.6,12.9,6.5,6.6,8.4,8.6,4.6,7.2,5.4,8.8,6.7,4.7,8.3,6.8,5.3,6.1,5.7,7.8,7.7,5.6,5.6,3.1,4.8,5.4,5.8,5.9,7.2,6.8,6.5,4.4,6,4.1,4.6,3.5,6.7,4.5,8,8.1,7.2,6.6,3,4,5.9,5.3,7.3,5.9,9.1,9.2,10.1,9.6,7.4,10,6.3,7.2,11.4,9.8,13.4,11.8,12.8,16.2,12.9,12.8,14.9,16.7,15.3,10,11.1,11.4,8.5,10.4,8.3,13,15.9,11.5,12.3,12.3,12.5,12.8,10.4,9.7,10.3,9.5,16.8,16,20.8,15.7,14.2,12.6,12.5,10.5,9.2,15.1,13.9,12.2,18.2,15.7,13.7,11.9,15.6,10.8,11.5,12.2,13.1,13.8,10,18.6,18.5,16.2,20,13.9,14.1,14.9,14,10.8,12.1,15.8,11.6,13.2,23,16.2,21.3,18.7,17.3,12.3,11.5,8.6,15.7,13.3,17.4,20.4,17.1,21.7,21.7,22,13.9,14.4,14.5,15.5,12.4,10.1,9.6,14.1,19.6,21.6,18.9,12.9,21.7,15.6,11.3,19.1,15.7,17.6,19.2,16.3,18.4,25.7,28.4,15.6,20.1,17.4,16.7,17.6,20.2,17.5,17.5,21.9,21.6,24.8,32.8,20.5,29,24.3,28,21.2,19.6,23.4,34.8,27.2,27.3,28.5,26.1,20.9,28.3,30.2,24.1,28.1,34,24.6,30.6,29.4,28.5,31.7,38.5,31.5,38.9,38.5,32.8,31.3,28.4,28.9,27,29.2,33.7,32,32.7,31.6,31.5,37.7,35.9,27.8,30.8,28.5,29.1,26.7,33.9,36.3,38.5,33,40.9,41.6,35.1,30.2,35.9,36.8,44.8,42.7,45.8,45.8,49,46,44,47.2,49.3,51.3,38.8,41.4,39.3,47.9,39,56.1,47.3,49.2,51.4,52,55.8,54.3,66.1,64.7,52,42,53.8,65,63.5,63.3,68.1,68.4,61.1,67.9,61.2,63.3,63.7,72.2,84.2,80,100.6,89.6,85.3,95.1,109.6,127,120.2,141.7,108.1,109,127.5,129.1,143,132.2,130.8,135.8,129.4,149,121.6,115,148.5,133.8,223.8,234.9,219.8,229.5,214.8,212.1,225.4,247,247.9,218.1,201.5,208.9,223,218.6,227.4,219.1,223.7,241.8,226.6,246.3,239.2,207.3,210.6,206.1,226.5,233.2,225.5,222.6,226.2,199.2,215,227.4,210.3,233.2,218.4,233.7,244.6,270.3,228.1,244.6,276.8,244.5,243.3,225.3,219.4,216.9,196.2,211,240.8,225.8,203.7,195.2,197.3,188.6,203.1,191.3,197.8,195.5,193.3,188.4,208.6,219.8,224.3,201.2,214.9,241,215.3,205.1,188.8,193,221.3,197.8,199.1,193.4,212.1,195.1,207.4,226.3,221.3,218.8,186.7,210.7,209.7,190.7,262.3,271.8,295.7,277.4,310.2,306.2,299.5,305.3,273.5,274.2,283.5,269.2,273,306.2,307,293.8,271.3,264.7,273.8,269.1,237.1,245.1,217.8,203.7,246.1,257.2,247.7,219.3,258.4,225.2,243.4,249.7,216.2,238.1,220.3,214.9,259.9,248.5,245.4,240,256.1,208.7,259.8,228.1,229.1,250.1,249.8,239,221.4,253.3,260.4,255.2,223.9,259.3,245,205,246.5,230.1,226.4,223.1,241.2,230.2,234.4,211.7,212.3,208.1,219.6,217.4,193.9,201.5,206.4,174,208.4,225.2,224.7,192.2,198.3,180.4,174.1,198.6,195.4,192.7,203.6,181.1,222.6,216.6,209.7,186.6,210.7,176.7,204.8,180.1,190.5,173.3,180.3,165.9,188.5,180.3,166.8,160.4,182.9,157.9,175.8,162.4,143.6,161.8,126.2,136.1,154,144.9,154.8,138.5,174.6,144.8,155.6,159,147.8,169.2,139.4,130.9,152.1,138.7,181.7,164.7,145.5,129.1,161.2,140.5,137.1,145.7,155,123.4,144.4,161.8,139.5,111.1
